{"init_keypoint_positions": [[27.146456146592108, -0.5656564099487849, 26.986071434089272], [27.35684225223096, -0.42601579269778955, 27.03683108580874], [27.121038978197294, -0.46563632353905215, 27.17752244064534], [27.1400183404762, -0.4923971156651466, 27.06009328395633], [27.12838606021901, -0.43964833754676513, 27.11351086451587], [27.456257743866928, -0.25031803750846626, 27.093366885350118], [27.39425639890186, -0.26034545879013415, 27.05741363780095], [27.36952634952496, -0.19691243531122307, 27.176636554192036], [27.465558228885854, -0.18673771629173633, 27.08354959659064], [27.38590231121909, -0.18347681450889639, 27.059695665109544], [27.188810889088984, -0.14497878953430687, 27.03742420669515], [27.132185773647745, -0.04147892149932054, 27.011559782984218], [27.385152142682365, -0.09935470448521189, 27.067304603669164], [27.103225313431135, -0.010975678236384904, 27.195393430624247], [27.459179405754153, -0.07798375462072189, 27.094265306799493], [27.263499085551274, 0.07011441882747435, 27.022973401504633], [27.439466463418153, 0.008294508562234727, 27.047658756494826], [27.129566693048847, 0.323981414339817, 26.984357697409976], [27.439388522547368, 0.09024938419124562, 27.047878236526355], [27.1475796726727, 0.4318310494345197, 26.890277927438188], [27.195140097069945, 0.380613390340354, 26.9120936734854]], "num_keypoints": 21, "num_stages": 6, "grasp_keypoints": [6, -1, 9, -1, 12, -1], "release_keypoints": [-1, 6, -1, 9, -1, 12]}