{"init_keypoint_positions": [[27.156655415274223, -0.5932828303494617, 26.993588630222742], [27.39541887477742, -0.41729633864494214, 27.047546179022667], [27.115764869415692, -0.5035906000028443, 27.174721147548738], [27.126663588657426, -0.5167886637030559, 27.09709542602625], [27.146355696671275, -0.4804114352807869, 26.98876037041392], [27.25130173776405, -0.3923397806850569, 27.027673992334307], [27.410935503997248, -0.26121244887404654, 27.06754114079074], [27.12489839316496, -0.2714745145838257, 27.08284767524177], [27.462499289964345, -0.1766186823564189, 27.109507490519505], [27.261874681555756, -0.11312554400882421, 27.044010877662743], [27.119571112640116, -0.08637565878814435, 27.091733763479507], [27.104789061146395, -0.059492341715118933, 27.1800444203651], [27.323248026561163, -0.06245718055257967, 27.048327122425214], [27.366632893535765, -0.04891531867584981, 27.081395171452353], [27.295063472226328, -0.00116886332306622, 27.031404455724633], [27.46135579269271, -0.03821163551581331, 27.093214289988428], [27.12154461698789, 0.2775236891569057, 27.066267353227563], [27.352616050638257, 0.0629786318843639, 27.176849862219317]], "num_keypoints": 18, "num_stages": 4, "grasp_keypoints": [6, -1, 8, -1], "release_keypoints": [-1, 6, -1, 8]}