{"init_keypoint_positions": [[27.136425737128448, -0.5903080968661172, 27.002914228157493], [27.19301595278185, -0.44583114332898416, 27.01570182182942], [27.25407763445002, -0.39655646173159415, 27.027038137980597], [27.41402627547, -0.26566953867937165, 27.06250741802922], [27.111945560538555, -0.25869742074964047, 27.165042049279158], [27.366983264991337, -0.19717913126426698, 27.18461185944934], [27.401433192847186, -0.1927138183681977, 27.046265286417103], [27.260476655834875, -0.11287865408380673, 27.043510213416003], [27.394743938038083, -0.0968052072500594, 27.04553272860937], [27.12013385721357, 0.12151141599057703, 27.060605967131593], [27.241735594685423, 0.11542045566983838, 27.023706501078486], [27.459548828708947, 0.053502512585327205, 27.052801361884438], [27.102099702869424, 0.2277653571697208, 27.172414014867364], [27.333589583944747, 0.17684860599913152, 27.034632596404656], [27.150399354550533, 0.4246439283085545, 26.897239333223013], [27.279272694179006, 0.24503799762992548, 27.012291109542424]], "num_keypoints": 16, "num_stages": 2, "grasp_keypoints": [3, -1], "release_keypoints": [-1, 3]}