{"init_keypoint_positions": [[30.14424059049227, -4.675825940479835, 28.661796372767338], [28.784915610330618, -5.618193893157033, 27.783254232064333], [28.868551206713917, -5.580524752965904, 27.748849008644125], [28.757272811364263, -5.510591796361771, 27.745558160449562], [28.857341612511807, -5.461033522979978, 27.74277226711428], [28.739908097910757, -5.42402410337796, 27.7349959971237], [29.79518484328929, -4.658051798359942, 28.50667612742498], [30.275095693023314, -4.468614649168163, 28.684071225287035], [29.79836906135984, -4.503676372285706, 28.586552682270323], [30.070873750326673, -4.455774000301395, 28.654661365168682], [16.272727272727273, -6.212121212121211, 6.949494949494949], [30.346695227732972, -4.3604290204113285, 28.697473107945093], [30.085633826013193, -4.341160559207889, 28.65985254958093], [16.90909090909091, 5.90909090909091, 12.323232323232322], [30.29467539650968, -4.194157164904225, 28.693100648738916], [29.579865649288653, -3.6031245939982472, 28.32656733838538], [29.522197153857217, -3.540127650078256, 28.370918394679613], [29.672920653349525, -3.5509700503350747, 28.41619078492085], [29.616322435312497, -3.551790461749, 28.48551345881201], [30.231257730511846, -4.0225882438031295, 28.689735833417533]], "num_keypoints": 20, "num_stages": 2, "grasp_keypoints": [10, -1], "release_keypoints": [-1, 10]}